Workbook

Sheet insurance
A1: age | B1: sex | C1: bmi | D1: children | E1: smoker | F1: region | G1: charges
A2: 19 | B2: female | C2: 27.9 | D2: 0 | E2: yes | F2: southwest | G2: 16884.924
A3: 18 | B3: male | C3: 33.77 | D3: 1 | E3: no | F3: southeast | G3: 1725.5523
A4: 28 | B4: male | C4: 33 | D4: 3 | E4: no | F4: southeast | G4: 4449.462
A5: 33 | B5: male | C5: 22.705 | D5: 0 | E5: no | F5: northwest | G5: 21984.471
A6: 32 | B6: male | C6: 28.88 | D6: 0 | E6: no | F6: northwest | G6: 3866.8552
A7: 31 | B7: female | C7: 25.74 | D7: 0 | E7: no | F7: southeast | G7: 3756.6216
A8: 46 | B8: female | C8: 33.44 | D8: 1 | E8: no | F8: southeast | G8: 8240.5896
A9: 37 | B9: female | C9: 27.74 | D9: 3 | E9: no | F9: northwest | G9: 7281.5056
A10: 37 | B10: male | C10: 29.83 | D10: 2 | E10: no | F10: northeast | G10: 6406.4107
A11: 60 | B11: female | C11: 25.84 | D11: 0 | E11: no | F11: northwest | G11: 28923.137
A12: 25 | B12: male | C12: 26.22 | D12: 0 | E12: no | F12: northeast | G12: 2721.3208
A13: 62 | B13: female | C13: 26.29 | D13: 0 | E13: yes | F13: southeast | G13: 27808.725
... A1339: 61 | B1339: female | C1339: 29.07 | D1339: 0 | E1339: yes | F1339: northwest | G1339: 29141.36

Sheet insurance_dadm
B2: Table of requested correlations
C3: age | D3: bmi | E3: children | F3: charges
B4: age | C4: =CORREL(insurance!$A$2:$A$1339,insurance!$A$2:$A$1339) -> 1 | D4: =CORREL(insurance!$A$2:$A$1339,insurance!$C$2:$C$1339) -> 0.10927188 | E4: =CORREL(insurance!$A$2:$A$1339,insurance!$D$2:$D$1339) -> 0.042468999 | F4: =CORREL(insurance!$A$2:$A$1339,insurance!$G$2:$G$1339) -> 0.29900819
B5: bmi | C5: =CORREL(insurance!$C$2:$C$1339,insurance!$A$2:$A$1339) -> 0.10927188 | D5: =CORREL(insurance!$C$2:$C$1339,insurance!$C$2:$C$1339) -> 1 | E5: =CORREL(insurance!$C$2:$C$1339,insurance!$D$2:$D$1339) -> 0.012758901 | F5: =CORREL(insurance!$C$2:$C$1339,insurance!$G$2:$G$1339) -> 0.19834097
B6: children | C6: =CORREL(insurance!$D$2:$D$1339,insurance!$A$2:$A$1339) -> 0.042468999 | D6: =CORREL(insurance!$D$2:$D$1339,insurance!$C$2:$C$1339) -> 0.012758901 | E6: =CORREL(insurance!$D$2:$D$1339,insurance!$D$2:$D$1339) -> 1 | F6: =CORREL(insurance!$D$2:$D$1339,insurance!$G$2:$G$1339) -> 0.067998227
B7: charges | C7: =CORREL(insurance!$G$2:$G$1339,insurance!$A$2:$A$1339) -> 0.29900819 | D7: =CORREL(insurance!$G$2:$G$1339,insurance!$C$2:$C$1339) -> 0.19834097 | E7: =CORREL(insurance!$G$2:$G$1339,insurance!$D$2:$D$1339) -> 0.067998227 | F7: =CORREL(insurance!$G$2:$G$1339,insurance!$G$2:$G$1339) -> 1

Sheet insurance_Summ1
A1: Summary stats for selected variables broken down by categories of children
B3: Variable | C3: charges_0 | D3: charges_1 | E3: charges_2 | F3: charges_3 | G3: charges_4 | H3: charges_5
B4: # observations | C4: =COUNTIF(insurance!$D$2:$D$1339,0) -> 574 | D4: =COUNTIF(insurance!$D$2:$D$1339,1) -> 324 | E4: =COUNTIF(insurance!$D$2:$D$1339,2) -> 240 | F4: =COUNTIF(insurance!$D$2:$D$1339,3) -> 157 | G4: =COUNTIF(insurance!$D$2:$D$1339,4) -> 25 | H4: =COUNTIF(insurance!$D$2:$D$1339,5) -> 18
B5: # numeric | C5: {=COUNT(IF(NOT(ISBLANK(insurance!$G$2:$G$1339)),IF(insurance!$D$2:$D$1339=0,insurance!$G$2:$G$1339)))} -> 574 | D5: {=COUNT(IF(NOT(ISBLANK(insurance!$G$2:$G$1339)),IF(insurance!$D$2:$D$1339=1,insurance!$G$2:$G$1339)))} -> 324 | E5: {=COUNT(IF(NOT(ISBLANK(insurance!$G$2:$G$1339)),IF(insurance!$D$2:$D$1339=2,insurance!$G$2:$G$1339)))} -> 240 | F5: {=COUNT(IF(NOT(ISBLANK(insurance!$G$2:$G$1339)),IF(insurance!$D$2:$D$1339=3,insurance!$G$2:$G$1339)))} -> 157 | G5: {=COUNT(IF(NOT(ISBLANK(insurance!$G$2:$G$1339)),IF(insurance!$D$2:$D$1339=4,insurance!$G$2:$G$1339)))} -> 25 | H5: {=COUNT(IF(NOT(ISBLANK(insurance!$G$2:$G$1339)),IF(insurance!$D$2:$D$1339=5,insurance!$G$2:$G$1339)))} -> 18
B6: # missing | C6: =C4-C5 -> 0 | D6: =D4-D5 -> 0 | E6: =E4-E5 -> 0 | F6: =F4-F5 -> 0 | G6: =G4-G5 -> 0 | H6: =H4-H5 -> 0
B8: Measures in same units as data
B9: Min | C9: {=MIN(IF(NOT(ISBLANK(insurance!$G$2:$G$1339)),IF(insurance!$D$2:$D$1339=0,insurance!$G$2:$G$1339)))} -> 1121.8739 | D9: {=MIN(IF(NOT(ISBLANK(insurance!$G$2:$G$1339)),IF(insurance!$D$2:$D$1339=1,insurance!$G$2:$G$1339)))} -> 1711.0268 | E9: {=MIN(IF(NOT(ISBLANK(insurance!$G$2:$G$1339)),IF(insurance!$D$2:$D$1339=2,insurance!$G$2:$G$1339)))} -> 2304.0022 | F9: {=MIN(IF(NOT(ISBLANK(insurance!$G$2:$G$1339)),IF(insurance!$D$2:$D$1339=3,insurance!$G$2:$G$1339)))} -> 3443.064 | G9: {=MIN(IF(NOT(ISBLANK(insurance!$G$2:$G$1339)),IF(insurance!$D$2:$D$1339=4,insurance!$G$2:$G$1339)))} -> 4504.6624 | H9: {=MIN(IF(NOT(ISBLANK(insurance!$G$2:$G$1339)),IF(insurance!$D$2:$D$1339=5,insurance!$G$2:$G$1339)))} -> 4687.797
B10: Max | C10: {=MAX(IF(NOT(ISBLANK(insurance!$G$2:$G$1339)),IF(insurance!$D$2:$D$1339=0,insurance!$G$2:$G$1339)))} -> 63770.428 | D10: {=MAX(IF(NOT(ISBLANK(insurance!$G$2:$G$1339)),IF(insurance!$D$2:$D$1339=1,insurance!$G$2:$G$1339)))} -> 58571.074 | E10: {=MAX(IF(NOT(ISBLANK(insurance!$G$2:$G$1339)),IF(insurance!$D$2:$D$1339=2,insurance!$G$2:$G$1339)))} -> 49577.662 | F10: {=MAX(IF(NOT(ISBLANK(insurance!$G$2:$G$1339)),IF(insurance!$D$2:$D$1339=3,insurance!$G$2:$G$1339)))} -> 60021.399 | G10: {=MAX(IF(NOT(ISBLANK(insurance!$G$2:$G$1339)),IF(insurance!$D$2:$D$1339=4,insurance!$G$2:$G$1339)))} -> 40182.246 | H10: {=MAX(IF(NOT(ISBLANK(insurance!$G$2:$G$1339)),IF(insurance!$D$2:$D$1339=5,insurance!$G$2:$G$1339)))} -> 19023.26
B11: Sum | C11: {=SUM(IF(NOT(ISBLANK(insurance!$G$2:$G$1339)),IF(insurance!$D$2:$D$1339=0,insurance!$G$2:$G$1339)))} -> 7098070 | D11: {=SUM(IF(NOT(ISBLANK(insurance!$G$2:$G$1339)),IF(insurance!$D$2:$D$1339=1,insurance!$G$2:$G$1339)))} -> 4124899.7 | E11: {=SUM(IF(NOT(ISBLANK(insurance!$G$2:$G$1339)),IF(insurance!$D$2:$D$1339=2,insurance!$G$2:$G$1339)))} -> 3617655.3 | F11: {=SUM(IF(NOT(ISBLANK(insurance!$G$2:$G$1339)),IF(insurance!$D$2:$D$1339=3,insurance!$G$2:$G$1339)))} -> 2410785 | G11: {=SUM(IF(NOT(ISBLANK(insurance!$G$2:$G$1339)),IF(insurance!$D$2:$D$1339=4,insurance!$G$2:$G$1339)))} -> 346266.41 | H11: {=SUM(IF(NOT(ISBLANK(insurance!$G$2:$G$1339)),IF(insurance!$D$2:$D$1339=5,insurance!$G$2:$G$1339)))} -> 158148.63
B12: Mean | C12: {=AVERAGE(IF(NOT(ISBLANK(insurance!$G$2:$G$1339)),IF(insurance!$D$2:$D$1339=0,insurance!$G$2:$G$1339)))} -> 12365.976 | D12: {=AVERAGE(IF(NOT(ISBLANK(insurance!$G$2:$G$1339)),IF(insurance!$D$2:$D$1339=1,insurance!$G$2:$G$1339)))} -> 12731.172 | E12: {=AVERAGE(IF(NOT(ISBLANK(insurance!$G$2:$G$1339)),IF(insurance!$D$2:$D$1339=2,insurance!$G$2:$G$1339)))} -> 15073.564 | F12: {=AVERAGE(IF(NOT(ISBLANK(insurance!$G$2:$G$1339)),IF(insurance!$D$2:$D$1339=3,insurance!$G$2:$G$1339)))} -> 15355.318 | G12: {=AVERAGE(IF(NOT(ISBLANK(insurance!$G$2:$G$1339)),IF(insurance!$D$2:$D$1339=4,insurance!$G$2:$G$1339)))} -> 13850.656 | H12: {=AVERAGE(IF(NOT(ISBLANK(insurance!$G$2:$G$1339)),IF(insurance!$D$2:$D$1339=5,insurance!$G$2:$G$1339)))} -> 8786.0352
B13: Median | C13: {=MEDIAN(IF(NOT(ISBLANK(insurance!$G$2:$G$1339)),IF(insurance!$D$2:$D$1339=0,insurance!$G$2:$G$1339)))} -> 9856.9519 | D13: {=MEDIAN(IF(NOT(ISBLANK(insurance!$G$2:$G$1339)),IF(insurance!$D$2:$D$1339=1,insurance!$G$2:$G$1339)))} -> 8483.8701 | E13: {=MEDIAN(IF(NOT(ISBLANK(insurance!$G$2:$G$1339)),IF(insurance!$D$2:$D$1339=2,insurance!$G$2:$G$1339)))} -> 9264.9791 | F13: {=MEDIAN(IF(NOT(ISBLANK(insurance!$G$2:$G$1339)),IF(insurance!$D$2:$D$1339=3,insurance!$G$2:$G$1339)))} -> 10600.548 | G13: {=MEDIAN(IF(NOT(ISBLANK(insurance!$G$2:$G$1339)),IF(insurance!$D$2:$D$1339=4,insurance!$G$2:$G$1339)))} -> 11033.662 | H13: {=MEDIAN(IF(NOT(ISBLANK(insurance!$G$2:$G$1339)),IF(insurance!$D$2:$D$1339=5,insurance!$G$2:$G$1339)))} -> 8589.565
B14: Std Dev | C14: {=_xlfn.STDEV.S(IF(NOT(ISBLANK(insurance!$G$2:$G$1339)),IF(insurance!$D$2:$D$1339=0,insurance!$G$2:$G$1339)))} -> 12023.294 | D14: {=_xlfn.STDEV.S(IF(NOT(ISBLANK(insurance!$G$2:$G$1339)),IF(insurance!$D$2:$D$1339=1,insurance!$G$2:$G$1339)))} -> 11823.631 | E14: {=_xlfn.STDEV.S(IF(NOT(ISBLANK(insurance!$G$2:$G$1339)),IF(insurance!$D$2:$D$1339=2,insurance!$G$2:$G$1339)))} -> 12891.368 | F14: {=_xlfn.STDEV.S(IF(NOT(ISBLANK(insurance!$G$2:$G$1339)),IF(insurance!$D$2:$D$1339=3,insurance!$G$2:$G$1339)))} -> 12330.869 | G14: {=_xlfn.STDEV.S(IF(NOT(ISBLANK(insurance!$G$2:$G$1339)),IF(insurance!$D$2:$D$1339=4,insurance!$G$2:$G$1339)))} -> 9139.2233 | H14: {=_xlfn.STDEV.S(IF(NOT(ISBLANK(insurance!$G$2:$G$1339)),IF(insurance!$D$2:$D$1339=5,insurance!$G$2:$G$1339)))} -> 3808.4355
B15: Mean Abs Dev | C15: {=AVEDEV(IF(NOT(ISBLANK(insurance!$G$2:$G$1339)),IF(insurance!$D$2:$D$1339=0,insurance!$G$2:$G$1339)))} -> 8835.3501 | D15: {=AVEDEV(IF(NOT(ISBLANK(insurance!$G$2:$G$1339)),IF(insurance!$D$2:$D$1339=1,insurance!$G$2:$G$1339)))} -> 8847.2074 | E15: {=AVEDEV(IF(NOT(ISBLANK(insurance!$G$2:$G$1339)),IF(insurance!$D$2:$D$1339=2,insurance!$G$2:$G$1339)))} -> 10321.266 | F15: {=AVEDEV(IF(NOT(ISBLANK(insurance!$G$2:$G$1339)),IF(insurance!$D$2:$D$1339=3,insurance!$G$2:$G$1339)))} -> 9503.6298 | G15: {=AVEDEV(IF(NOT(ISBLANK(insurance!$G$2:$G$1339)),IF(insurance!$D$2:$D$1339=4,insurance!$G$2:$G$1339)))} -> 6643.2988 | H15: {=AVEDEV(IF(NOT(ISBLANK(insurance!$G$2:$G$1339)),IF(insurance!$D$2:$D$1339=5,insurance!$G$2:$G$1339)))} -> 2825.8645
B16: Quartile 1 | C16: {=QUARTILE(IF(NOT(ISBLANK(insurance!$G$2:$G$1339)),IF(insurance!$D$2:$D$1339=0,insurance!$G$2:$G$1339)),1)} -> 2734.4212 | D16: {=QUARTILE(IF(NOT(ISBLANK(insurance!$G$2:$G$1339)),IF(insurance!$D$2:$D$1339=1,insurance!$G$2:$G$1339)),1)} -> 4791.6432 | E16: {=QUARTILE(IF(NOT(ISBLANK(insurance!$G$2:$G$1339)),IF(insurance!$D$2:$D$1339=2,insurance!$G$2:$G$1339)),1)} -> 6284.9394 | F16: {=QUARTILE(IF(NOT(ISBLANK(insurance!$G$2:$G$1339)),IF(insurance!$D$2:$D$1339=3,insurance!$G$2:$G$1339)),1)} -> 6652.5288 | G16: {=QUARTILE(IF(NOT(ISBLANK(insurance!$G$2:$G$1339)),IF(insurance!$D$2:$D$1339=4,insurance!$G$2:$G$1339)),1)} -> 7512.267 | H16: {=QUARTILE(IF(NOT(ISBLANK(insurance!$G$2:$G$1339)),IF(insurance!$D$2:$D$1339=5,insurance!$G$2:$G$1339)),1)} -> 5874.9739
B17: Quartile 3 | C17: {=QUARTILE(IF(NOT(ISBLANK(insurance!$G$2:$G$1339)),IF(insurance!$D$2:$D$1339=0,insurance!$G$2:$G$1339)),3)} -> 14440.124 | D17: {=QUARTILE(IF(NOT(ISBLANK(insurance!$G$2:$G$1339)),IF(insurance!$D$2:$D$1339=1,insurance!$G$2:$G$1339)),3)} -> 15632.052 | E17: {=QUARTILE(IF(NOT(ISBLANK(insurance!$G$2:$G$1339)),IF(insurance!$D$2:$D$1339=2,insurance!$G$2:$G$1339)),3)} -> 20379.277 | F17: {=QUARTILE(IF(NOT(ISBLANK(insurance!$G$2:$G$1339)),IF(insurance!$D$2:$D$1339=3,insurance!$G$2:$G$1339)),3)} -> 19199.944 | G17: {=QUARTILE(IF(NOT(ISBLANK(insurance!$G$2:$G$1339)),IF(insurance!$D$2:$D$1339=4,insurance!$G$2:$G$1339)),3)} -> 17128.426 | H17: {=QUARTILE(IF(NOT(ISBLANK(insurance!$G$2:$G$1339)),IF(insurance!$D$2:$D$1339=5,insurance!$G$2:$G$1339)),3)} -> 10019.944
B18: IQR | C18: =C17-C16 -> 11705.703 | D18: =D17-D16 -> 10840.409 | E18: =E17-E16 -> 14094.337 | F18: =F17-F16 -> 12547.415 | G18: =G17-G16 -> 9616.1591 | H18: =H17-H16 -> 4144.9701
B19: 1st percentile | C19: {=PERCENTILE(IF(NOT(ISBLANK(insurance!$G$2:$G$1339)),IF(insurance!$D$2:$D$1339=0,insurance!$G$2:$G$1339)),0.01)} -> 1140.3717 | D19: {=PERCENTILE(IF(NOT(ISBLANK(insurance!$G$2:$G$1339)),IF(insurance!$D$2:$D$1339=1,insurance!$G$2:$G$1339)),0.01)} -> 1726.0095 | E19: {=PERCENTILE(IF(NOT(ISBLANK(insurance!$G$2:$G$1339)),IF(insurance!$D$2:$D$1339=2,insurance!$G$2:$G$1339)),0.01)} -> 2802.21 | F19: {=PERCENTILE(IF(NOT(ISBLANK(insurance!$G$2:$G$1339)),IF(insurance!$D$2:$D$1339=3,insurance!$G$2:$G$1339)),0.01)} -> 3543.2507 | G19: {=PERCENTILE(IF(NOT(ISBLANK(insurance!$G$2:$G$1339)),IF(insurance!$D$2:$D$1339=4,insurance!$G$2:$G$1339)),0.01)} -> 4518.2287 | H19: {=PERCENTILE(IF(NOT(ISBLANK(insurance!$G$2:$G$1339)),IF(insurance!$D$2:$D$1339=5,insurance!$G$2:$G$1339)),0.01)} -> 4712.0786
B20: 5th percentile | C20: {=PERCENTILE(IF(NOT(ISBLANK(insurance!$G$2:$G$1339)),IF(insurance!$D$2:$D$1339=0,insurance!$G$2:$G$1339)),0.05)} -> 1624.2979 | D20: {=PERCENTILE(IF(NOT(ISBLANK(insurance!$G$2:$G$1339)),IF(insurance!$D$2:$D$1339=1,insurance!$G$2:$G$1339)),0.05)} -> 2420.12 | E20: {=PERCENTILE(IF(NOT(ISBLANK(insurance!$G$2:$G$1339)),IF(insurance!$D$2:$D$1339=2,insurance!$G$2:$G$1339)),0.05)} -> 3535.8485 | F20: {=PERCENTILE(IF(NOT(ISBLANK(insurance!$G$2:$G$1339)),IF(insurance!$D$2:$D$1339=3,insurance!$G$2:$G$1339)),0.05)} -> 4255.5806 | G20: {=PERCENTILE(IF(NOT(ISBLANK(insurance!$G$2:$G$1339)),IF(insurance!$D$2:$D$1339=4,insurance!$G$2:$G$1339)),0.05)} -> 4624.547 | H20: {=PERCENTILE(IF(NOT(ISBLANK(insurance!$G$2:$G$1339)),IF(insurance!$D$2:$D$1339=5,insurance!$G$2:$G$1339)),0.05)} -> 4809.2051
B21: 95th percentile | C21: {=PERCENTILE(IF(NOT(ISBLANK(insurance!$G$2:$G$1339)),IF(insurance!$D$2:$D$1339=0,insurance!$G$2:$G$1339)),0.951)} -> 39548.689 | D21: {=PERCENTILE(IF(NOT(ISBLANK(insurance!$G$2:$G$1339)),IF(insurance!$D$2:$D$1339=1,insurance!$G$2:$G$1339)),0.951)} -> 40926.693 | E21: {=PERCENTILE(IF(NOT(ISBLANK(insurance!$G$2:$G$1339)),IF(insurance!$D$2:$D$1339=2,insurance!$G$2:$G$1339)),0.951)} -> 44219.443 | F21: {=PERCENTILE(IF(NOT(ISBLANK(insurance!$G$2:$G$1339)),IF(insurance!$D$2:$D$1339=3,insurance!$G$2:$G$1339)),0.951)} -> 42704.376 | G21: {=PERCENTILE(IF(NOT(ISBLANK(insurance!$G$2:$G$1339)),IF(insurance!$D$2:$D$1339=4,insurance!$G$2:$G$1339)),0.951)} -> 34484.365 | H21: {=PERCENTILE(IF(NOT(ISBLANK(insurance!$G$2:$G$1339)),IF(insurance!$D$2:$D$1339=5,insurance!$G$2:$G$1339)),0.951)} -> 15237.333
B22: 99th percentile | C22: {=PERCENTILE(IF(NOT(ISBLANK(insurance!$G$2:$G$1339)),IF(insurance!$D$2:$D$1339=0,insurance!$G$2:$G$1339)),0.99)} -> 48714.299 | D22: {=PERCENTILE(IF(NOT(ISBLANK(insurance!$G$2:$G$1339)),IF(insurance!$D$2:$D$1339=1,insurance!$G$2:$G$1339)),0.99)} -> 48639.188 | E22: {=PERCENTILE(IF(NOT(ISBLANK(insurance!$G$2:$G$1339)),IF(insurance!$D$2:$D$1339=2,insurance!$G$2:$G$1339)),0.99)} -> 47401.434 | F22: {=PERCENTILE(IF(NOT(ISBLANK(insurance!$G$2:$G$1339)),IF(insurance!$D$2:$D$1339=3,insurance!$G$2:$G$1339)),0.99)} -> 47523.81 | G22: {=PERCENTILE(IF(NOT(ISBLANK(insurance!$G$2:$G$1339)),IF(insurance!$D$2:$D$1339=4,insurance!$G$2:$G$1339)),0.99)} -> 39317.775 | H22: {=PERCENTILE(IF(NOT(ISBLANK(insurance!$G$2:$G$1339)),IF(insurance!$D$2:$D$1339=5,insurance!$G$2:$G$1339)),0.99)} -> 18250.622
B24: Measures not in same units as data
B25: Variance | C25: {=_xlfn.VAR.S(IF(NOT(ISBLANK(insurance!$G$2:$G$1339)),IF(insurance!$D$2:$D$1339=0,insurance!$G$2:$G$1339)))} -> 1.445596e+08 | D25: {=_xlfn.VAR.S(IF(NOT(ISBLANK(insurance!$G$2:$G$1339)),IF(insurance!$D$2:$D$1339=1,insurance!$G$2:$G$1339)))} -> 1.3979826e+08 | E25: {=_xlfn.VAR.S(IF(NOT(ISBLANK(insurance!$G$2:$G$1339)),IF(insurance!$D$2:$D$1339=2,insurance!$G$2:$G$1339)))} -> 1.6618738e+08 | F25: {=_xlfn.VAR.S(IF(NOT(ISBLANK(insurance!$G$2:$G$1339)),IF(insurance!$D$2:$D$1339=3,insurance!$G$2:$G$1339)))} -> 1.5205034e+08 | G25: {=_xlfn.VAR.S(IF(NOT(ISBLANK(insurance!$G$2:$G$1339)),IF(insurance!$D$2:$D$1339=4,insurance!$G$2:$G$1339)))} -> 83525403 | H25: {=_xlfn.VAR.S(IF(NOT(ISBLANK(insurance!$G$2:$G$1339)),IF(insurance!$D$2:$D$1339=5,insurance!$G$2:$G$1339)))} -> 14504181
B26: Skewness | C26: {=SKEW(IF(NOT(ISBLANK(insurance!$G$2:$G$1339)),IF(insurance!$D$2:$D$1339=0,insurance!$G$2:$G$1339)))} -> 1.5384149 | D26: {=SKEW(IF(NOT(ISBLANK(insurance!$G$2:$G$1339)),IF(insurance!$D$2:$D$1339=1,insurance!$G$2:$G$1339)))} -> 1.6766374 | E26: {=SKEW(IF(NOT(ISBLANK(insurance!$G$2:$G$1339)),IF(insurance!$D$2:$D$1339=2,insurance!$G$2:$G$1339)))} -> 1.2940315 | F26: {=SKEW(IF(NOT(ISBLANK(insurance!$G$2:$G$1339)),IF(insurance!$D$2:$D$1339=3,insurance!$G$2:$G$1339)))} -> 1.4732673 | G26: {=SKEW(IF(NOT(ISBLANK(insurance!$G$2:$G$1339)),IF(insurance!$D$2:$D$1339=4,insurance!$G$2:$G$1339)))} -> 1.6464877 | H26: {=SKEW(IF(NOT(ISBLANK(insurance!$G$2:$G$1339)),IF(insurance!$D$2:$D$1339=5,insurance!$G$2:$G$1339)))} -> 1.2440606
B27: Kurtosis | C27: {=KURT(IF(NOT(ISBLANK(insurance!$G$2:$G$1339)),IF(insurance!$D$2:$D$1339=0,insurance!$G$2:$G$1339)))} -> 1.9981129 | D27: {=KURT(IF(NOT(ISBLANK(insurance!$G$2:$G$1339)),IF(insurance!$D$2:$D$1339=1,insurance!$G$2:$G$1339)))} -> 2.0536187 | E27: {=KURT(IF(NOT(ISBLANK(insurance!$G$2:$G$1339)),IF(insurance!$D$2:$D$1339=2,insurance!$G$2:$G$1339)))} -> 0.41444823 | F27: {=KURT(IF(NOT(ISBLANK(insurance!$G$2:$G$1339)),IF(insurance!$D$2:$D$1339=3,insurance!$G$2:$G$1339)))} -> 1.3495567 | G27: {=KURT(IF(NOT(ISBLANK(insurance!$G$2:$G$1339)),IF(insurance!$D$2:$D$1339=4,insurance!$G$2:$G$1339)))} -> 2.7293382 | H27: {=KURT(IF(NOT(ISBLANK(insurance!$G$2:$G$1339)),IF(insurance!$D$2:$D$1339=5,insurance!$G$2:$G$1339)))} -> 1.7280687

Sheet insurance_Summ2
A1: Summary stats for selected variables
B3: Variable | C3: charges
B4: # observations | C4: =C5+C6 -> 1338
B5: # numeric | C5: =COUNT(insurance!$G$2:$G$1339) -> 1338
B6: # missing | C6: =COUNTBLANK(insurance!$G$2:$G$1339) -> 0
B8: Measures in same units as data
B9: Min | C9: =MIN(insurance!$G$2:$G$1339) -> 1121.8739
B10: Max | C10: =MAX(insurance!$G$2:$G$1339) -> 63770.428
B11: Sum | C11: =SUM(insurance!$G$2:$G$1339) -> 17755825
B12: Mean | C12: =AVERAGE(insurance!$G$2:$G$1339) -> 13270.422
B13: Median | C13: =MEDIAN(insurance!$G$2:$G$1339) -> 9382.033
B14: Std Dev | C14: =_xlfn.STDEV.S(insurance!$G$2:$G$1339) -> 12110.011
B15: Mean Abs Dev | C15: =AVEDEV(insurance!$G$2:$G$1339) -> 9091.1266
B16: Quartile 1 | C16: =QUARTILE(insurance!$G$2:$G$1339,1) -> 4740.2872
B17: Quartile 3 | C17: =QUARTILE(insurance!$G$2:$G$1339,3) -> 16639.913
B18: IQR | C18: =C17-C16 -> 11899.625
B19: 1st percentile | C19: =PERCENTILE(insurance!$G$2:$G$1339,0.01) -> 1252.9727
B20: 5th percentile | C20: =PERCENTILE(insurance!$G$2:$G$1339,0.05) -> 1757.7534
B21: 95th percentile | C21: =PERCENTILE(insurance!$G$2:$G$1339,0.95) -> 41181.828
B22: 99th percentile | C22: =PERCENTILE(insurance!$G$2:$G$1339,0.99) -> 48537.481
B24: Measures not in same units as data
B25: Variance | C25: =_xlfn.VAR.S(insurance!$G$2:$G$1339) -> 1.4665237e+08
B26: Skewness | C26: =SKEW(insurance!$G$2:$G$1339) -> 1.5158797
B27: Kurtosis | C27: =KURT(insurance!$G$2:$G$1339) -> 1.6062987
